use TrovaLavoroUNIMI;
insert into citta values
	('20100', 'Milano'),('00100', 'Roma'),('10100', 'Torino'),('67100', 'L''aquila'),
	('80100', 'Napoli'),('85100', 'Potenza'),('88100', 'Catanzaro'),('34100', 'Trieste'),
	('16100', 'Genova'),('60100', 'Ancona'),('86100', 'Campobasso'),('70100', 'Bari'),
	('09100', 'Cagliari'),('90100', 'Palermo'),('30100', 'Trento'),('06100', 'Perugia'),
	('11100', 'Aosta'),('30100', 'Venezia'),('40100', 'Bologna'),('92100', 'Agrigento'),
	('15100', 'Alessandria'),('52100', 'Arezzo'),('63100', 'Ascoli Piceno'),
	('14100', 'Asti'),('83100', 'Avellino'),('76121', 'Barletta'),('76123', 'Andria'),
  ('76152', 'Trani'),('32100', 'Belluno'),('82100', 'Benevento'),('24100', 'Bergamo'),
	('13900', 'Biella'),('39100', 'Bolzano'),('25100', 'Brescia'),('72100', 'Brindisi'),
	('93100', 'Caltanissetta'),('81100', 'Caserta'),('66100', 'Chieti'),
	('22100', 'Como'),('87100', 'Cosenza'),('26100', 'Cremona'),('88900', 'Crotone'),
	('12100', 'Cuneo'),('94100', 'Enna'),('63900', 'Fermo'),('44100', 'Ferrara'),
	('71100', 'Foggia'),('47100', 'Forlì'),('47500', 'Cesena'),('03100', 'Frosinone'),
	('34170', 'Gorizia'),('58100', 'Grosseto'),('18100', 'Imperia'),('86170', 'Isernia'),
	('19100', 'La Spezia'),('04100', 'Latina'),('73100', 'Lecce'),('23900', 'Lecco'),
	('57100', 'Livorno'),('26900', 'Lodi'),('55100', 'Lucca'),('62100', 'Macerata'),
	('46100', 'Mantova'),('54033', 'Carrara'),('75100', 'Matera'),('41100', 'Modena'),
	('20900', 'Monza'),('28100', 'Novara'),('08100', 'Nuoro'),('09170', 'Oristano'),
	('35100', 'Padova'),('43100', 'Parma'),('27100', 'Pavia'),('61100', 'Pesaro'),
	('61029', 'Urbino'),('65100', 'Pescara'),('29100', 'Piacenza'),('56100', 'Pisa'),
	('51100', 'Pistoia'),('33170', 'Pordenone'),('59100', 'Prato'),
	('97100', 'Ragusa'),('48100', 'Ravenna'),('42100', 'Reggio Emilia'),('02100', 'Rieti'),
	('47900', 'Rimini'),('45100', 'Rovigo'),('84100', 'Salerno'),('07100', 'Sassari'),
	('17100', 'Savona'),('53100', 'Siena'),('96100', 'Siracusa'),('23100', 'Sondrio'),
	('74100', 'Taranto'),('64100', 'Teramo'),('05100', 'Terni'),('91100', 'Trapani'),
	('33100', 'Udine'),('21100', 'Varese'),('31100', 'Treviso'),('50100', 'Firenze'),
	('28920', 'Verbania'),('13100', 'Vercelli'),('37100', 'Verona'),('89900', 'Vibo Valentia'),
	('36100', 'Vicenza'),('01100', 'Viterbo'),('32820', 'Livo'),('22010', 'Livo'),
	('38060', 'Calliano'),('14031', 'Calliano'),('24063', 'Castro'),('73030', 'Castro'),
	('22010', 'Peglio'),('61049', 'Peglio'),('10010', 'Samone'),('38059', 'Samone'),
	('08020', 'San Teodoro'),('98030', 'San Teodoro'),('95028', 'Valverde'),('27050', 'Valverde');

insert into candidato values
	('lino.banfi@gmail.com', 'nonesageriamo', 'Lino', 'Banfi', '1940-12-12', 'piazza Badoglio', '19/B', '20100', 'Milano', null, 'Medico in famiglia, ma anche fuori'),
	('maurizio.costanzo@rai.it', 'mariatiamo', 'Maurizio', 'Costanzo', '1930-08-08', 'via Merla', '25', '04100', 'Latina', null, null),
	('matteo.salvini@hotmail.it', 'fenicotteriislamici', 'Matteo', 'Salvini', '1980-05-06', 'corso de Pazzi', '100', '50100', 'Firenze', null,'Esperto in opinion leading e fake news riding'),
	('vittorio.sgarbi@capra.com', 'capracapracapra', 'Vittorio', 'Sgarbi', '1964-11-08', 'Caprese', '82', '31100', 'Treviso', null,'Critico d''arte e public speaker'),
	('giulio.natta@polimi.it', 'polimeriii', 'Giulio', 'Natta', '1956-08-06', 'via Celoria', '18', '20100', 'Milano', null,null),
	('marco.rossi@unimi.it', 'nomebanale', 'Marco', 'Rossi', '2000-07-19', 'via san Giuseppe', '28', '29100', 'Piacenza', null,'Experienced business intelligence analyst'),
	('giulio.rossi@libero.it', 'altronomebanale', 'Giulio', 'Rossi', '1995-07-29', 'corso san Cristoforo', '109/B', '27050', 'Valverde',null,null),
	('gastani.frinzi@gmail.com', 'suconquestisp', 'Gastani', 'Frinzi', '1974-10-29', 'via XXV Aprile', '31', '65100', 'Pescara',null,null),
	('samar.gehebi@gmail.com', 'fnauwjfixvy25g9', 'Samar', 'Gehebi', '2001-09-21', 'via Giordano Bruno', '64', '13900', 'Biella', null,'Operatore elettromeccanico'),
	('johnny.english@alice.it', 'occhialata', 'Johnny', 'English', '1990-04-29', 'via Stoppani', '33/C', '82100', 'Benevento', null, 'Esperto di marketing e character design per chi paga'),
	('alberto.angela@rai.it', 'storicamente', 'Alberto', 'Angela', '1979-02-28', 'vicolo Cicerone', '11', '00100', 'Roma', null, 'Divulgatore storico-scientifico presso Rai'),
	('ajeje.brazoff@gmail.com', 'conduejejej', 'Ajeje', 'Brazoff', '1998-01-01', 'via XXV Aprile', '22/A', '93100', 'Caltanissetta',null,null),
	('geraldo.fringi@hotmail.it', 'asonvdsqw0dqpuni', 'Geraldo', 'Fringi', '1987-03-23', 'piazza Idi di Marzo', '39', '73100', 'Lecce',null,null),
	('yussef.fahri@gmail.com', 'jieqijfsdoheajqdwj', 'Yussef', 'Fahri', '1997-05-26', 'via san Matteo', '18/C', '42100', 'Reggio Emilia',null,null),
	('gianluigi.buffon@libero.it', 'finoallaFine', 'Gianluigi', 'Buffon', '1978-01-28', 'via Mastro Lindo', '36', '10100', 'Torino', null,'Abile saldatore. Nonché campione del mondo'),
	('mirkoserraglia@gmail.com', 'msk4888GM', 'Mirko', 'Serraglia', '1984-10-21', 'via Poligono', '44', '72100', 'Brindisi', null,'Da anni opero nella nel settore dell ricerca farmacologica. Farmacista da oltre vent\'anni'),
	('ofelia.cramberri@unimi.it', 'afsjiasji890322', 'Ofelia', 'Cramberri', '1999-10-07', 'via Giacomo Leopardi', '24', '27100', 'Pavia', null,'Long life touristic promoter'),
	('guthriegovan@gmail.com', 'guitarGod71', 'Guthrie', 'Govan', '1971-12-27', 'via Val di non', '41-A', '50100', 'Firenze', null,'Miglior chitarrista in circolazione'),
	('geeeerryscotty@berlusconi.it', 'passsaparola', 'Virginio', 'Scotti', '1956-08-07', 'corso Miradolo Terme', '56', '27100', 'Pavia', null, 'Presentatore televisivo, ex-deputato'),
	('humansafari@gmail.com', 'buuuuusta71', 'Nicolò', 'Balini', '1991-08-27', 'via Su per il monte', '12', '24100', 'Bergamo', null, 'Viaggiatore, promoter ed influencer'),
	('crash@libero.it', 'wumpafruit', 'Crash', 'Bandicoot', '1973-02-12', 'corso Papu papu', '65', '48100', 'Ravenna', null, 'Pilota di macchine da corsa e valoroso avventuriero'),
	('maurizio.crozza@gmail.com', 'SilvanoBelfioreBand', 'Maurizio', 'Crozza', '1959-12-05', 'via Napoleone Bonaparte', '22', '16100', 'Genova', null, 'Comico, doppiatore, attore, scenografo, cantante dotato di spiccato intelletto e senso dell\'umorismo'),
	('robertosaviano@hotmail.it', 'ZeroZeroZero', 'Roberto', 'Saviano', '1971-09-22', 'via A. Locatelli', '92', '80100', 'Napoli', null, 'Scrittore e sceneggiatore'),
	('myssketa@gmail.com', 'milanosushiecoca', 'MYSS', 'KETA', '1993-12-25', 'via Bamba', '21', '20900', 'Monza', null, 'Costruzione di un team di produttori che approfittano della mancanza di cultura musicale nel paese'),
	('umberto.bernasconi@gmail.com', 'ambedueueue', 'Umberto', 'Bernasconi', '1960-03-20', 'Piazza Monte Grappa', '63-C', '17100', 'Savona', null, 'Architetto, progettista di costruzioni');


insert into azienda values
	('assunzioni@anonimasequestri.humanresources.it', '00016798501', 'giveusmoney', 'S.s.', '081-512-4599', 'via Bolero', '5', '09100', 'Cagliari', null, 'Anonima Sequestri', null, 'Esperti decennali in human resources management and evaluation'),
	('novacart@assunzioni.it', '00124646973', 'adsonodfaqi9oje', 'S.r.l.', '045-891-1234', 'via Stoppani', '4', '53100', 'Siena', null, 'Novacart', null, 'Azienda metalmeccanica radicata nel territorio'),
	('rodacciai@humanresources.racc.it','01548289471', 'sfSPUDF3', 'S.p.a.', '051-492-3458', 'via Dante Alighieri', '9', '23100', 'Sondrio', null, 'Rodacciai', null, null),
	('limontaparati@limonta.ass.it','17846217489', 'aeofoefqWIJ12', 'S.p.a.', '031-186-7492', 'corso Giacomo Leopardi', '18', '24100', 'Bergamo', null, 'Limonta Parati', null, 'Leader regionali nella produzione di parati sintetici'),
	('asus.hr@assunzioni.it', '00000147891', 'aokf24FJd32', 'S.a.p.a.', '081-678-1794', 'piazza Bellaria', '7/A', '60100', 'Ancona', null, 'Asus Ancona', null, null),
	('apple.mgmt.mi@hr.apple.it','47258914356', 'aoksf49ji', 'S.p.a.', '021-419-7418', 'corso Sforza', '1', '20100', 'Milano', null, 'Apple Milano', null, null),
	('commercialiagency@libero.it','0012464897','jfakpojf93ji3', 'S.r.l.', '031-497-8529', 'via al Monte', '48', '37100', 'Verona', null, 'Agenzia Commercialisti Veronesi', null, 'Siamo quelli che vanno a dire ai commercianti locali di non fare gli scontrini'),
	('dellafoglia@gmail.com','0913285843','XmaancheD', 'S.n.c.', '312-0943-2211', 'via Monte Bianco', '29', '22100', 'Como', null, 'Della Foglia Saldature', null, null),
	('fabriano@fogliame.it','0607059335','Cialandro', 'S.a.s.', '056-556-4287', 'corso Hrothgar alto', '32', '60100', 'Ancona', null, 'Cartiere Fabriano', null, 'Gruppo di cartiere più importante in Italia'),
	('mondadori@hotbook.it','0485838294','anchequiSilviocihamessolozampino', 'S.p.a.', '393-892-9210', 'via Campi di grano', '32', '46100', 'Mantova', null, 'Bookstore Mondadori', null, 'Punto vendita Mondadori. Vedita di libri, film, serie tv, articoli di cancelleria e biglietti'),
	('sweetferrero@ferrero.it','0211486830','Nutellone', 'S.p.a.', '055-227-0932', 'via Velo', '33', '12100', 'Cuneo', null, 'Ferrero International', null, 'Azienda affermata da generazioni nella produzione alimentare di dolci'),
	('gulliver@gmail.com','0083941112','dammilassist', 'Cooperativa Sociale', '012-567-409', 'via Altura', '82', '30100', 'Venezia', null, 'Centro Gulliver', null, null),
	('moltenistrumentimusicali@live.it','0792948284','doesitdjentXD', 'S.s.', '332-316-7421', 'via Pasubio', '87', '47500', 'Cesena', null, 'Molteni strumenti musicali', null, 'Negozio di strumenti musicali'),
	('poltronesofa@artigiano.it','0987654321','dellaqualità', 'S.n.c.', '028-527-0983', 'corso Cavour', '8', '47100', 'Forlì', null, 'Poltronesofà', null, 'Artigiani della qualità dal 1995, produttori di divani e poltrone'),
  ('lamborghini@lambo.it','9949294939','Murcielago', 'S.p.a.', '082-359-9366', 'via Impero', '7', '40100', 'Bologna', null, 'Lamborghini headquarters', null, 'Dal 1963 esportatori della classe automobilistica italiana nel mondo'),
	('autoalberta@auto.it','0047699214','autoCarro22', 'S.r.l.', '033-464-8119', 'via Vesuvio', '11', '87100', 'Cosenza', null, 'Concessionaria/Officina Auto Alberta', null, 'Rivendiamo e ripariamo qualsiasi tipo di autovettura!'),
	('stabiloboss@gmail.com','0038573298','Evidenziamoci', 'S.a.s.', '036-395-4468', 'via Rododendro', '34', '30100', 'Trento', null, 'Stabilo Trento', null, 'Da anni esperti produttori di penne, matite, evidenziatori, zaini, articoli di cancelleria.'),
	('zaraofficial@live.it','0777938424','fescionblog', 'S.r.l.', '032-418-9221', 'via Morosini', '76', '21100', 'Varese', null, 'Zara Varese', null, 'Punto vendita del noto marchio di abbigliamento Zara');


insert into settoreLavorativo values
	('Acquisti, logistica, magazzino'), ('Amministrazione, contabilità, segreteria'), ('Commercio al dettaglio, GDO, Retail'),
	('Finanza, banche e credito'), ('Ingegneria'), ('Professioni e mestieri'), ('Settore farmaceutico'), ('Affari legali'),
	('Arti grafiche, design'), ('Edilizia, immobiliare'), ('Formazione, istruzione'), ('Marketing, comunicazione'),
	('Pubblica amministrazione'), ('Turismo, ristorazione'), ('Altre'), ('Attenzione al cliente'),
	('Farmacia, medicina, salute'), ('Informatica, IT e telecomunicazioni'), ('Operai, produzione, qualità'),
	('Risorse umane, recruiting'), ('Vendite');

insert into curriculum values
	(0, 'curriculum1', 'johnny.english@alice.it', '1', 'DESCRIZIONEDESCRIZIONEDESCRIZIONEDESCRIZIONEDESCRIZIONEDESCRIZIONE'),
	(1, 'curriculumabba', 'alberto.angela@rai.it', '0', 'DESCRIZIONEDESCRIZIONEDESCRIZIONEDESCRIZIONEDESCRIZIONEDESCRIZIONE'),
	(2, 'curre', 'lino.banfi@gmail.com', '1', 'DESCRIZIONEDESCRIZIONEDESCRIZIONEDESCRIZIONEDESCRIZIONEDESCRIZIONE'),
	(3, 'curriculum1', 'ofelia.cramberri@unimi.it', '1', 'DESCRIZIONEDESCRIZIONEDESCRIZIONEDESCRIZIONEDESCRIZIONEDESCRIZIONE'),
	(4, 'curriculummum', 'johnny.english@alice.it', '1', 'DESCRIZIONEDESCRIZIONEDESCRIZIONEDESCRIZIONEDESCRIZIONEDESCRIZIONE'),
	(5, 'curriculummm', 'marco.rossi@unimi.it', '1','DESCRIZIONEDESCRIZIONEDESCRIZIONEDESCRIZIONEDESCRIZIONEDESCRIZIONE'),
	(6, 'curriculumusic', 'guthriegovan@gmail.com', '1','So suonare bene. Conosco bene la musica. XD.'),
	(7, 'curriculumusicthe', 'guthriegovan@gmail.com', '1','Conosco anche il potere terapeutico ed emotivo della musica.'),
	(8, 'curriculbrumm', 'crash@libero.it', '1','Esperto pilota ed ingegnere di macchine da corsa'),
	(9, 'curriculummissimo', 'crash@libero.it', '1','Intrattenitore di folle'),
	(10, 'curric', 'humansafari@gmail.com', '0','Promuovo prodotti ad eventi o in video sulla rete'),
	(11, 'curriculumauri', 'maurizio.crozza@gmail.com', '1','Comico ed intrattenitore per qualsiasi evenienza'),
	(12, 'curriculuger', 'geeeerryscotty@berlusconi.it', '1','Abile lavoratore nel settore della logistica. Nessuno sistema i prodotti meglio di me.'),
	(13, 'curriculumbe', 'umberto.bernasconi@gmail.com', '1','Pronto a progettare il tuo prossimo edificio.'),
	(14, 'curriculllll', 'myssketa@gmail.com', '1','Non sono una grande cuoca ma con lo zucchero a velo me la cavo benissimo'),
	(15, 'curriculbuff1', 'gianluigi.buffon@libero.it', '1','Saldatore con esperienza pluriennale'),
	(16, 'curriculumrob', 'robertosaviano@hotmail.it', '0','General manager pronto a nuove avventure.'),
	(17, 'curriculumrobl', 'robertosaviano@hotmail.it', '1','Offro consulenze terapeutiche su richiesta'),
	(18, 'curriculucram', 'ofelia.cramberri@unimi.it', '1','Studentessa di letteratura amante dei libri'),
	(19, 'curriculumirk', 'mirkoserraglia@gmail.com', '1','Esperto farmacista'),
	(20, 'curriculalbe', 'alberto.angela@rai.it', '1','Redattore di libri di storia'),
	(21, 'curriculbuff2', 'gianluigi.buffon@libero.it', '1','Oltre ad essere un campione del mondo e un ottimo saldatore, sono anche un ottimo tecnico di impanti di produzione generici'),
	(22, 'curriculuff', 'geraldo.fringi@hotmail.it', '0','Abile commesso nel settore dell\'abbigliamento maschile'),
	(23, 'curriculumajeje', 'ajeje.brazoff@gmail.com','1','Discreto meccanico di motorini e macchine di bassa cilindrata'),
	(24, 'curriculumusicology', 'guthriegovan@gmail.com', '1','Storico musicale/Musicologo'),
	(25, 'curriculamar', 'samar.gehebi@gmail.com','1','Esperto in campagne pubblicitarie televisive');

insert into annuncio values
	(0, 'Giovane operatore elettromeccanico', '2019-11-10', 365, 'Cerchiamo operatore elettromeccanico junior', null, '2020-01-09', 'public', 'novacart@assunzioni.it',
	'Operai, produzione, qualità', 'Contratto a tempo indeterminato', null, null, null),
	(1, 'Si cerca uno sviluppatore di applicazioni web', '2019-10-10', 365, 'Cerchiamo front end developer con esperienza di lavoro in team complessi', 2600.00, '2020-02-11', 'public', 'asus.hr@assunzioni.it','Informatica, IT e telecomunicazioni', 'Contratto a tempo indeterminato', null, null, null),
	(2, 'Cercasi perito chimico (stage d\'apprendimento incluso)', '2019-09-10', 365, 'Cerchiamo perito chimico da formare', 1000.00, '2020-01-11', 'public', 'limontaparati@limonta.ass.it',
	'Operai, produzione, qualità', 'Contratto a tempo indeterminato', null, null, null),
	(3, 'Richiesto tourist promoter, consulenze commerciali','2019-11-9', 365, 'Cerchiamo tourist promoter per lavoro di consulenza commerciale con un grosso cliente', 1670.00, '2020-03-20', 'private', 'commercialiagency@libero.it',null,'Contratto a chiamata', null, null, null),
	(4, 'Cerchiamo manager per la gestione delle risorse destinate alle campagne pubblicitarie', '2019-11-1', 365, 'Cerchiamo marketing manager per una serie di progetti a lungo termine', 5500.00, '2020-01-09', 'public', 'apple.mgmt.mi@hr.apple.it',
	'Marketing, comunicazione', 'Contratto a tempo determinato', 36, '2023-01-01', 5),
	(5, 'Ingegnere informatico, machine learning', '2019-10-18', 365, 'Cerchiamo senior automation engineer per progetto di ricerca a lungo termine', 12000.00, '2020-01-09', 'specific', 'asus.hr@assunzioni.it',
	'Ingegneria', 'Contratto a tempo determinato', 24, '2022-01-01', 6),
	(6, 'Commesso Mondadori Store', '2020-01-15', 30, 'Si ricerca una giovane commessa disposta a lavorare nel Mondadori Store in via Campi di Grano - MO ', 800.00, '2020-02-10', 'public', 'mondadori@hotbook.it',
	'Vendite', 'Contratto a tempo determinato', 12, '2021-02-10', 5),
	(7, 'Ingegnere meccanico specializzato in costruzione di motori', '2019-07-11', 365, 'Cerchiamo un ingegnere meccanico appassionato al mondo dell\'automobilismo in grado di affiancare il team di specialisti qui in Lamborghini', null, '2019-10-20', 'specific', 'lamborghini@lambo.it',
	'Ingegneria', 'Contratto a tempo indeterminato', null, null, null),
	(8, 'Tecnico per manutenzione/riparazione macchine impastatrici', '2020-01-01', 700, 'Cerchiamo un tecnico disposto a specializzarsi sui macchinari usati qui in Ferrero per la produzione di dolci', null, '2020-01-10', 'specific', 'sweetferrero@ferrero.it',
	'Operai, produzione, qualità', 'Contratto a tempo indeterminato', null, null, null),
	(9, 'Cercasi psicoterapeuta', '2019-09-25', 365, 'Nel nostro istituto è richiesto uno psicoterapeuta per poter aiutare maggiormente i nostri pazienti', null, '2019-10-05', 'public', 'gulliver@gmail.com',
	'Farmacia, medicina, salute', 'Contratto a chiamata', null, null, null),
	(10, 'Cerchiamo Maitre Chocolatier', '2019-11-30', 365, 'Cerchiamo un pasticciere/Maitre Chocolatier pronto ad unirsi al team Ferrero', 7000.00, '2020-01-09', 'public', 'sweetferrero@ferrero.it',
	'Altre', 'Contratto a tempo determinato', 24, '2022-01-20', 6),
	(11, 'Cercasi insegnante/esperto di musica', '2019-05-22', 600, 'Si richiede un individuo appassionato ed esperto di musica che possa fare periodicamente degli incontri con i nostri ragazzi in modo da insegnargli il valore terapeutico della musica', 1800.00, '2020-01-09', 'public', 'gulliver@gmail.com',
	'Formazione, istruzione', 'Contratto a tempo determinato', 36, '2022-05-22', 3),
	(12, 'Fabriano General Manager', '2020-01-05', 60, 'La Fabriano ha recentemente aperto una sede anche a Grenoble in Francia, saremmo interessati a trovare un giovane direttore pronto ad incominciare questa nuova avventura', null, '2020-01-25', 'specific', 'fabriano@fogliame.it',
	'Amministrazione, contabilità, segreteria', 'Contratto a tempo indeterminato', null, null, null),
	(13, 'Restauratore/riparatore di strumenti musicali', '2019-11-25', 365, 'Cerchiamo un esperto di strumenti musicali/liutaio in grado di effettuare piccole e semplici riparazioni agli strumenti che arrivano in negozio', 1100.00, '2020-01-03', 'public', 'moltenistrumentimusicali@live.it',
	'Professioni e mestieri', 'Contratto a tempo determinato', 12, '2021-01-03', 4),
	(14, 'Pubblicità Poltronesofà estate 2020', '2019-10-18', 365, 'Cerchiamo un esperto nel campo della comunicazione multimediale per promuovere al meglio attraverso una campagna pubblicitaria la nostra nuova collezione di divani', 2500.00, '2020-02-01', 'public', 'poltronesofa@artigiano.it',
	'Marketing, comunicazione', 'Contratto a tempo determinato', 10, '2020-12-01', 5),
	(15, 'Cercasi stand-up comedian', '2020-01-03', 330, 'Come di consueto la nostra azienda celebra il lavoro svolto alla fine dell\'anno con un divertente spettacolo per ravvivare lo spirito dei dipendenti. Cerchiamo comici, cabarettisti.', 2000.00, '2020-12-20', 'public', 'stabiloboss@gmail.com',
	'Altre', 'Contratto a tempo determinato', 1, '2020-12-21', 1),
	(16, 'Commesso reparto uomo', '2019-10-30', 365, 'Cerchiamo un commesso/a per la gestione del reparto uomo della nostra nuova sede a Milano. Il candidato deve essere spigliato e propenso all\'interazione coi clienti', null, '2019-12-09', 'public', 'zaraofficial@live.it',
	'Vendite', 'Contratto a tempo indeterminato', null, null, null),
	(17, 'Cercasi meccanico', '2020-01-17', 365, 'É richiesto un giovane meccanico, abituato anche a lavorare in gruppo. Non è importante che sia altamente specializzato, la nostra squadra nel caso sarebbe pronta a guidarlo. Si richiede comunque una buona preparazione e spirito collaborativo', null, '2020-02-10', 'public', 'autoalberta@auto.it',
	'Operai, produzione, qualità', 'Contratto a tempo indeterminato', null, null, null),
	(18, 'Cercasi architetto/designer di impianti industriali', '2019-10-18', 700, 'Abbiamo intenzione di ampliare la nostra nuova sede a Grenoble in Francia, anche il fulcro del nuovo stabilimento è pronto per entrare in funzione, la dirigenza ha pensato che fosse consono ampliare il complesso con un ulteriore padiglione/area. Si cercano architetti con esperienza in campo industriale.', 15000.00, '2021-03-10', 'specific', 'fabriano@fogliame.it',
	'Edilizia, immobiliare', 'Contratto a tempo determinato', 20, '2023-01-10', 6),
	(19, 'Cerchiamo magazziniere', '2019-12-19', 365, 'Cerchiamo personale per lavorare organizzare gli articoli Ferrero nel magazzino. Il lavoro consiste nel organizzare, archiviare digitalmente, ed inscatolare i vari prodotti così da poterli rendere spedibili. É richiesta una buona attitudine al lavoro di squadra', null, '2020-04-15', 'public', 'sweetferrero@ferrero.it',
	'Acquisti, logistica, magazzino', 'Contratto a tempo indeterminato', null, null, null),
	(20, 'Cercasi influencer/rappresentante pubblicitario', '2020-01-18', 365, 'Cerchiamo un promoter della nostra nuova linea d\'abbigliamento invernale per l\'evento che si terrà il 22-12-2020', 8000.00, '2020-12-22', 'public', 'zaraofficial@live.it',
	'Marketing, comunicazione', 'Contratto a tempo determinato', 1, '2020-12-22', 1);

insert into relativoA values
	(3,3,'Adeguato','Non accettato', null, 'Il candidato non soddisfa i requisiti linguistici'),
	(4,4,null,null,null,null),
	(4,0, 'Pienamente adeguato', 'Accettato', '1', null),
	(1,5,'Adeguato', 'Accettato', '1', null);

insert into competenze values
	('Marketing, comunicazione','Character and icon desinger','Istruzione superiore', 'Master in Marketing', 'Francese'),
	('Marketing, comunicazione','Character and icon desinger','Istruzione superiore', 'Master in Marketing', 'Cinese'),
	('Informatica, IT e telecomunicazioni','Senior front end developer','Istruzione superiore', 'Laurea magistrale in Informatica', 'Inglese'),
	('Acquisti, logistica, magazzino', 'Magazziniere presso magazzino Amazon in Brianza','Istruzione secondaria di secondo grado', 'Geometra', 'Inglese'),
	('Marketing, comunicazione','Artistic director per le strategie di marketing presso Gucci','Istruzione superiore', 'Laurea magistrale in ingegneria gestionale', 'Inglese'),
	('Commercio al dettaglio, GDO, Retail','Gestione della produzione e spedizione di capi Gucci','Istruzione superiore', 'Laurea magistrale in economia', 'Spagnolo'),
	('Formazione, istruzione','Insegnante di chitarra presso scuola di musica','Alta formazione artistica, musicale e coreutica', 'Diploma di conservatorio', 'Inglese'),
	('Professioni e mestieri','Aiutante liutaio','Alta formazione artistica, musicale e coreutica', 'Diploma di conservatorio', 'Francese'),
	('Operai, produzione, qualità','Controllo/ispezione di componenti meccaniche per la realizzazione di impianti termici','Istruzione secondaria di secondo grado', 'Ragioneria', 'Portoghese'),
	('Vendite','Commesso presso Decathlon','Istruzione secondaria di primo grado','Scuola media Dante Alighieri', 'Inglese'),
	('Professioni e mestieri','Presentatore televisivo di programmi storico/scientifici','Istruzione superiore', 'Laurea magistrale in filosofia', 'Inglese'),
	('Operai, produzione, qualità','Meccanico presso officina di Cavaria con Premezzo','Istruzione secondaria di secondo grado', 'Itis, meccanica', 'Francese'),
	('Altre','Comico, attore e cantante presso numerosi teatri','Istruzione superiore','Alta formazione artistica, musicale e coreutica', 'Tedesco'),
	('Settore farmaceutico','Farmacista','Istruzione superiore', 'Laurea magistrale in farmacologia', 'Russo'),
	('Ingegneria','Pilota ed ingegnere professionista di macchine da corsa','Istruzione superiore', 'Laurea magistrale in ingegneria meccanica', 'Tedesco'),
	('Vendite','Rivenditrice di libri','Istruzione secondaria di secondo grado', 'Liceo classico', 'Francese'),
	('Marketing, comunicazione','Direttore tecnico per campagne pubblicitarie presso Adidas, Lindt e Electrolux','Istruzione superiore', 'Laurea magistrale comunicazione digitale', 'Inglese'),
	('Amministrazione, contabilità, segreteria','Amministratore delegato per Gucci','Istruzione superiore', 'Master in economia', 'Cinese'),
	('Edilizia, immobiliare','Architetto per varie aziende','Istruzione superiore', 'Master in architettura moderna', 'Inglese'),
	('Marketing, comunicazione','Senior marketing manager','Istruzione superiore', 'Master in Marketing', 'Inglese'),
	('Ingegneria','Ingegnere meccanico','Istruzione superiore', 'Laurea magistrale in ingegneria meccanica','Inglese'),
	('Marketing, comunicazione','Esperto in comunicazione digitale e pubblicità','Istruzione superiore', 'Laurea triennale in comunicazione digitale','Inglese'),
	('Amministrazione, contabilità, segreteria','Dirigente d\'azienda e di reparto','Istruzione superiore', 'Laurea in ingegneria gestionale', 'Inglese'),
	('Formazione, istruzione','Insegnante di musica','Alta formazione artistica, musicale e coreutica', 'Diploma liceo', 'Inglese'),
	('Acquisti, logistica, magazzino','Magazziniere, disposizione di articoli su scaffali','Istruzione secondaria di primo grado', 'Scuola media', 'Inglese'),
	('Farmacia, medicina, salute','Terapeuta, esperto di musica','Alta formazione artistica, musicale e coreutica','Diploma di conservatorio', 'Francese'),
	('Operai, produzione, qualità','Riparatore di impianti industriali','Istruzione secondaria di secondo grado', 'Geometra', 'Inglese'),
	('Vendite','Commesso','Istruzione secondaria di secondo grado', 'Istituto professionale', 'Tedesco'),
	('Marketing, comunicazione','Promoter di prodotti','Istruzione secondaria di primo grado', 'Scuola media', 'Inglese'),
	('Vendite','Commessa','Istruzione secondaria di secondo grado', 'Liceo classico', 'Inglese'),
	('Operai, produzione, qualità','Meccanico, gommista, carrozziere','Istruzione secondaria di primo grado', 'Scuola media', 'Portoghese'),
	('Edilizia, immobiliare','Architetto','Istruzione superiore', 'Laurea in architettura', 'Francese'),
	('Altre','Comico, stand-up comedian','Istruzione secondaria di secondo grado', 'Istituto professionale', 'Inglese'),
	('Altre','Cuoco, pasticciere, esperto di cioccolato','Istruzione superiore', 'Accademia di pasticceria', 'Inglese'),
	('Ingegneria','Software developer, esperto di machine learning','Istruzione superiore', 'Laurea magistrale di ingegneria informatica', 'Inglese'),
	('Professioni e mestieri','Liutaio, esperto di strumenti musicali','Istruzione secondaria di secondo grado', 'Istituto professionale', 'Spagnolo'),
	('Operai, produzione, qualità','Perito chimico','Istruzione secondaria di secondo grado', 'Istituto professionale', 'Inglese'),
	('Commercio al dettaglio, GDO, Retail','Gestore del reparto spedizioni per grandi aziende','Istruzione superiore', 'Master in economia', 'Spagnolo');

insert into esplicita values
	(0,'Marketing, comunicazione','Senior marketing manager','Istruzione superiore', 'Master in Marketing', 'Inglese', 48, '110L', 'Avanzato'),
	(4,'Marketing, comunicazione','Character and icon desinger','Istruzione superiore', 'Master in Marketing', 'Cinese', 48, '111', 'Avanzato'),
	(5,'Informatica, IT e telecomunicazioni','Senior front end developer','Istruzione superiore', 'Laurea magistrale in Informatica', 'Inglese', 150, '90', 'Avanzato'),
	(12,'Acquisti, logistica, magazzino','Magazziniere presso magazzino Amazon in Brianza','Istruzione secondaria di secondo grado', 'Geometra', 'Inglese', 60, '64', 'Base'),
	(16,'Marketing, comunicazione','Artistic director per le strategie di marketing presso Gucci','Istruzione superiore', 'Laurea magistrale in ingegneria gestionale', 'Inglese', 150, '110L', 'Avanzato'),
	(16,'Commercio al dettaglio, GDO, Retail','Gestione della produzione e spedizione di capi Gucci','Istruzione superiore', 'Laurea magistrale in economia', 'Spagnolo', 150, '100', 'Avanzato'),
	(6,'Formazione, istruzione','Insegnante di chitarra presso scuola di musica','Alta formazione artistica, musicale e coreutica', 'Diploma di conservatorio', 'Inglese', 110, '96', 'Avanzato'),
	(7,'Professioni e mestieri','Aiutante liutaio','Alta formazione artistica, musicale e coreutica', 'Diploma di conservatorio', 'Francese', 60, '96', 'Medio'),
	(15,'Operai, produzione, qualità','Controllo/ispezione di componenti meccaniche per la realizzazione di impianti termici','Istruzione secondaria di secondo grado', 'Ragioneria', 'Portoghese', 200, '88', 'Base'),
	(22,'Vendite','Commesso presso Decathlon','Istruzione secondaria di primo grado', 'Scuola media Dante Alighieri', 'Inglese', 90, '90', 'Base'),
	(20,'Professioni e mestieri','Presentatore televisivo di programmi storico/scientifici','Istruzione superiore', 'Laurea magistrale in filosofia', 'Inglese', 130, '100', 'Avanzato'),
	(23,'Operai, produzione, qualità','Meccanico presso officina di Cavaria con Premezzo','Istruzione secondaria di secondo grado', 'Itis, meccanica', 'Francese', 36, '90', 'Medio'),
	(11,'Altre','Comico, attore e cantante presso numerosi teatri','Istruzione superiore', 'Alta formazione artistica, musicale e coreutica', 'Tedesco', 300, '100', 'Medio'),
	(19,'Settore farmaceutico','Farmacista','Istruzione superiore', 'Laurea magistrale in farmacologia', 'Russo', 200, '99', 'Medio'),
	(8,'Ingegneria','Pilota ed ingegnere professionista di macchine da corsa','Istruzione superiore', 'Laurea magistrale in ingegneria meccanica', 'Tedesco', 260, '110L', 'Avanzato'),
	(18,'Vendite','Rivenditrice di libri','Istruzione secondaria di secondo grado', 'Liceo classico', 'Francese', 6, '93', 'Avanzato'),
	(25,'Marketing, comunicazione','Direttore tecnico per campagne pubblicitarie presso Adidas, Lindt e Electrolux','Istruzione superiore', 'Laurea magistrale comunicazione digitale', 'Inglese', 163, '85', 'Avanzato'),
	(16,'Amministrazione, contabilità, segreteria','Amministratore delegato per Gucci','Istruzione superiore', 'Master in economia', 'Cinese', 150, '90', 'Avanzato'),
	(13,'Edilizia, immobiliare','Architetto per varie aziende','Istruzione superiore', 'Master in architettura moderna', 'Inglese', 150, '100', 'Avanzato');

insert into richiede values
	(1,'Informatica, IT e telecomunicazioni','Senior front end developer','Istruzione superiore','Laurea magistrale in Informatica', 'Inglese', 24, null, null),
	(4, 'Marketing, comunicazione','Senior marketing manager','Istruzione superiore', 'Master in Marketing', 'Inglese',36, null, 'Avanzato'),
	(7,  'Ingegneria','Ingegnere meccanico', 'Istruzione superiore', 'Laurea magistrale in ingegneria meccanica','Inglese', 36, null, 'Avanzato'),
	(14, 'Marketing, comunicazione','Esperto in comunicazione digitale e pubblicità','Istruzione superiore', 'Laurea triennale in comunicazione digitale','Inglese',36, null, 'Medio'),
	(12, 'Amministrazione, contabilità, segreteria','Dirigente d\'azienda e di reparto','Istruzione superiore', 'Laurea in ingegneria gestionale', 'Inglese',40, '90', 'Avanzato'),
	(11, 'Formazione, istruzione','Insegnante di musica','Alta formazione artistica, musicale e coreutica', 'Diploma liceo', 'Inglese', 36, null, 'Medio'),
	(19, 'Acquisti, logistica, magazzino','Magazziniere, disposizione di articoli su scaffali','Istruzione secondaria di primo grado', 'Scuola media', 'Inglese',20, null, null),
	(9, 'Farmacia, medicina, salute','Terapeuta, esperto di musica','Alta formazione artistica, musicale e coreutica', 'Diploma di conservatorio', 'Francese',2, null, null),
	(8, 'Operai, produzione, qualità','Riparatore di impianti industriali','Istruzione secondaria di secondo grado', 'Geometra', 'Inglese',12, null, null),
	(16, 'Vendite','Commesso','Istruzione secondaria di secondo grado', 'Istituto professionale', 'Tedesco',12, null, null),
	(20, 'Marketing, comunicazione','Promoter di prodotti','Istruzione secondaria di primo grado', 'Scuola media', 'Inglese',2, null, 'Base'),
	(6, 'Vendite','Commessa','Istruzione secondaria di secondo grado', 'Liceo classico', 'Inglese', 3, null, 'Medio'),
	(17, 'Operai, produzione, qualità','Meccanico, gommista, carrozziere','Istruzione secondaria di primo grado', 'Scuola media', 'Portoghese', 12, null, null),
	(18, 'Edilizia, immobiliare','Architetto','Istruzione superiore', 'Laurea in architettura', 'Francese', 36, '95', null),
	(15, 'Altre','Comico, stand-up comedian','Istruzione secondaria di secondo grado', 'Istituto professionale', 'Inglese', 22, null, 'Base'),
	(10, 'Altre','Cuoco, pasticciere, esperto di cioccolato','Istruzione superiore', 'Accademia di pasticceria', 'Inglese', 40, null, 'Medio'),
	(5, 'Ingegneria','Software developer, esperto di machine learning','Istruzione superiore', 'Laurea magistrale di ingegneria informatica', 'Inglese', 50, '110', 'Avanzato'),
	(13, 'Professioni e mestieri','Liutaio, esperto di strumenti musicali','Istruzione secondaria di secondo grado', 'Istituto professionale', 'Spagnolo', 36, null, null),
	(2, 'Operai, produzione, qualità','Perito chimico','Istruzione secondaria di secondo grado', 'Istituto professionale', 'Inglese', 3, null, 'Medio'),
	(12, 'Commercio al dettaglio, GDO, Retail','Gestore del reparto spedizioni per grandi aziende','Istruzione superiore', 'Master in economia', 'Spagnolo', 20, null, null);


insert into commento values
	(0, 0, 'matteo.salvini@hotmail.it', 'Ho visto volare dei fenicotteri islamici senza permesso', '2019-11-11 21:12:51'),
	(1, 0, 'vittorio.sgarbi@capra.com', 'Capra Capra Ovino', '2019-11-11 21:13:11'),
	(2, 0, 'maurizio.costanzo@rai.it', 'Ttate bboni ttate bboniiii', '2019-11-12 21:51:55'),
	(3, 4, 'johnny.english@alice.it', 'Errore, signore, è una parola che non trova spazio nel mio dizionario.', '2019-12-12 21:51:55');

insert into keyword values
	('word1'),('word2'),('word3'),('word4'),('word5'),('word6'),('word7'),('word8'),('word9'),('word10'),('word11'),('word12'),('word13');

insert into disponeCandidato values
	('lino.banfi@gmail.com','word1'),('lino.banfi@gmail.com','word6'),('lino.banfi@gmail.com','word10'),('lino.banfi@gmail.com','word12'),
	('giulio.natta@polimi.it','word4'),('giulio.natta@polimi.it','word2'),
	('ajeje.brazoff@gmail.com','word3'),('gastani.frinzi@gmail.com','word8');

insert into disponeAzienda values
	('asus.hr@assunzioni.it', 'word5'),('asus.hr@assunzioni.it', 'word7'),('asus.hr@assunzioni.it', 'word9'),
	('novacart@assunzioni.it', 'word11'),('novacart@assunzioni.it', 'word13'),('novacart@assunzioni.it', 'word4'),
	('apple.mgmt.mi@hr.apple.it', 'word8'),('apple.mgmt.mi@hr.apple.it', 'word5'),('apple.mgmt.mi@hr.apple.it', 'word6');
